Francisca Maria,Cesto,francisca.maria.cesto@outlook.com
Atilio Alberto,Al bini,atilio.alberto.al.bini@outlook.com
Elsa Maria,Akhdim,elsa.maria.akhdim@outlook.com
Carlos Maria,Babiloni,carlos.maria.babiloni@gmail.com
Ilda Marcela,Sikora,ilda.marcela.sikora@gmail.com
Salomon,Hennoun,salomon.hennoun@gmail.com
Atilio Alberto,Ouharram,atilio.alberto.ouharram@outlook.com
Julia Ines,Daounani,julia.ines.daounani@gmail.com
Silveria,Delvalle,silveria.delvalle@gmail.com
Prudencia,Laaouina,prudencia.laaouina@gmail.com
Florencio Anibal,Kharchafi,florencio.anibal.kharchafi@gmail.com
Maria Julia,Znanda,maria.julia.znanda@outlook.com
Edelmira,López,edelmira.lópez@outlook.com
Catalina Magdalena,El hafian,catalina.magdalena.el.hafian@outlook.com
Maria Petrona,Murraku,maria.petrona.murraku@gmail.com
Juan,Fall,juan.fall@gmail.com
Eugenio Carlos Nicolas,Garcia,eugenio.carlos.nicolas.garcia@gmail.com
Antonio Salvador,Marte,antonio.salvador.marte@gmail.com
Benigna,Rubio,benigna.rubio@outlook.com
Alfredo,Dahouri,alfredo.dahouri@outlook.com
David,Flores,david.flores@gmail.com
Carmen Maria,Al baitar,carmen.maria.al.baitar@gmail.com
Fortunata,Orosco,fortunata.orosco@outlook.com
MarÃ­a Lucia,Edelstein,marÃ­a.lucia.edelstein@outlook.com
Yolanda,Lo,yolanda.lo@outlook.com
Gracia,Alonso,gracia.alonso@gmail.com
Jose Francisco,El-matyach,jose.francisco.el-matyach@outlook.com
Adelina Esther,Rodriguez,adelina.esther.rodriguez@gmail.com
Cornelia,El hafian,cornelia.el.hafian@gmail.com
Magdalena,Ouberkane,magdalena.ouberkane@gmail.com
Eloisa,Díaz,eloisa.díaz@outlook.com
Leonor Esther,Salles,leonor.esther.salles@gmail.com
Pilar,Marulanda,pilar.marulanda@gmail.com
Adela Luisa,Mechbal,adela.luisa.mechbal@gmail.com
Virginia Selfora,El boutia,virginia.selfora.el.boutia@outlook.com
Nieves,Caballero,nieves.caballero@gmail.com
Irma Leonor,Znanda,irma.leonor.znanda@outlook.com
Marcelo,Ureña,marcelo.ureña@outlook.com
Marcelina,Díaz,marcelina.díaz@gmail.com
Marcial,Farrés,marcial.farrés@gmail.com
Maria Dolores,El hjiouj,maria.dolores.el.hjiouj@gmail.com
Savina Silvaria,Mena,savina.silvaria.mena@outlook.com
Estefania,Rokne,estefania.rokne@outlook.com
Ramon Antonio,Hamood,ramon.antonio.hamood@outlook.com
Armando,Bellsolà,armando.bellsolà@outlook.com
Elsa Teresa,Santamaria,elsa.teresa.santamaria@outlook.com
Ema Del Carmen,El ouardi,ema.del.carmen.el.ouardi@gmail.com
Anibal,Mehmood,anibal.mehmood@gmail.com
Estanislada,Padame,estanislada.padame@outlook.com
Alberto Cayetano,Rios,alberto.cayetano.rios@gmail.com
Romelia,Roldán,romelia.roldán@gmail.com
Soledad,Lamarca,soledad.lamarca@outlook.com
Juana Evangelista,Grimaldos,juana.evangelista.grimaldos@outlook.com
Medarda,Ogunrinde,medarda.ogunrinde@gmail.com
Hugo,Niang,hugo.niang@gmail.com
Elvira Esther,Codina,elvira.esther.codina@outlook.com
Maria Grazia,Meléndez,maria.grazia.meléndez@gmail.com
Elena Raquel,Ben haddou,elena.raquel.ben.haddou@gmail.com
Natalia,Banjaira,natalia.banjaira@outlook.com
Emilio,Cisse,emilio.cisse@gmail.com
Fidel,Moukhchan,fidel.moukhchan@outlook.com
Polita,Zhang,polita.zhang@outlook.com
Alfredo Emilio,El khoukh,alfredo.emilio.el.khoukh@outlook.com
Cantalicio,Errami,cantalicio.errami@outlook.com
Maria Elisa,Herrera,maria.elisa.herrera@gmail.com
Florinda,Iqbal,florinda.iqbal@gmail.com
Maria Ramona,Sarhan,maria.ramona.sarhan@outlook.com
Elsa Nelida,Jaanin,elsa.nelida.jaanin@gmail.com
Luis Alfredo,Lázaro,luis.alfredo.lázaro@outlook.com
Pilar,Boukaddid,pilar.boukaddid@gmail.com
Eustaquia,Balkaid,eustaquia.balkaid@gmail.com
Maria Etelvina,Orellana,maria.etelvina.orellana@outlook.com
Enrique,Noguer,enrique.noguer@gmail.com
Avelino,Gemignani,avelino.gemignani@gmail.com
Meliton,Bozic,meliton.bozic@outlook.com
Maria Paulina,Wahbi,maria.paulina.wahbi@outlook.com
Carlina,Barrantes,carlina.barrantes@gmail.com
Robustiano,Alaioua,robustiano.alaioua@outlook.com
Maria Elsa,Rincón,maria.elsa.rincón@outlook.com
Maria Ramona,Mbaye,maria.ramona.mbaye@gmail.com
Dorotea,Orosco,dorotea.orosco@outlook.com
Maria Irma,Lojano,maria.irma.lojano@gmail.com
Alejandrina,Hennoun,alejandrina.hennoun@outlook.com
Juana Esmeralda,Ruiz,juana.esmeralda.ruiz@outlook.com
Maria Eugenia,Moya,maria.eugenia.moya@gmail.com
Carmen Rosa,Díaz,carmen.rosa.díaz@outlook.com
Anastasia,Cuartero,anastasia.cuartero@gmail.com
Maria Dora,El hajjam,maria.dora.el.hajjam@gmail.com
Maria Consuelo,Calbet,maria.consuelo.calbet@gmail.com
Cirila Esteher,El ouardi,cirila.esteher.el.ouardi@outlook.com
Jorgelina Argentina,Oulad el hadj,jorgelina.argentina.oulad.el.hadj@outlook.com
Jose Maria,El hiyani,jose.maria.el.hiyani@gmail.com
Justa,Sala,justa.sala@gmail.com
Maria Margarita,Codina,maria.margarita.codina@gmail.com
Edelmira,Arteaga,edelmira.arteaga@outlook.com
Florinda Rosa,Uceda,florinda.rosa.uceda@gmail.com
Maria Angela,Rubio,maria.angela.rubio@outlook.com
Cesidio,Belhadj ahmed,cesidio.belhadj.ahmed@outlook.com
Juan,El khayat,juan.el.khayat@outlook.com
Irene Juana,Saornil,irene.juana.saornil@gmail.com
Graciana Concepcion,Cortez,graciana.concepcion.cortez@outlook.com
Maria Elena,Vallejos,maria.elena.vallejos@outlook.com
Meliton,Marte,meliton.marte@gmail.com
Pascuala,Ndao,pascuala.ndao@outlook.com
Faustino,Villa,faustino.villa@outlook.com
Maria Agustina,Faus,maria.agustina.faus@outlook.com
Anunciada,Peñuela,anunciada.peñuela@outlook.com
Luciano,Gabarre,luciano.gabarre@gmail.com
Florinda Rosa,Laaji,florinda.rosa.laaji@gmail.com
Cecilia,Folch,cecilia.folch@outlook.com
Ana Rosa,El badaoui,ana.rosa.el.badaoui@outlook.com
Joaquin,Lopez,joaquin.lopez@outlook.com
Angel,Lozano,angel.lozano@outlook.com
InÃ©s Beatriz,El hasnaoui,inÃ©s.beatriz.el.hasnaoui@gmail.com
Jose Vito Antonio,Villanueva,jose.vito.antonio.villanueva@outlook.com
Aurelio,Rajaa,aurelio.rajaa@gmail.com
Prudencia,El ghazy,prudencia.el.ghazy@gmail.com
Valentin,López de vinuesa,valentin.lópez.de.vinuesa@outlook.com
MarÃ­a Azucena,Balaguer,marÃ­a.azucena.balaguer@gmail.com
Elvira Carmen  Julia,Hammach,elvira.carmen..julia.hammach@gmail.com
Noemi Luciana Renee,Bukasa,noemi.luciana.renee.bukasa@outlook.com
Herminio,Mullor,herminio.mullor@gmail.com
Barbara,Carrasco,barbara.carrasco@outlook.com
Maxima Angela,Santiago,maxima.angela.santiago@gmail.com
Cirilo,El asri,cirilo.el.asri@gmail.com
Marcial,Gea,marcial.gea@outlook.com
Gracia,Hernández,gracia.hernández@outlook.com
Modesto,Herrero,modesto.herrero@gmail.com
Felisa Victoria,Ibn el oualyd,felisa.victoria.ibn.el.oualyd@gmail.com
Enrique,Soler,enrique.soler@outlook.com
Celia,El mahraz,celia.el.mahraz@outlook.com
Biagia,Amo,biagia.amo@outlook.com
Ismael,Casas,ismael.casas@outlook.com
Ofelia Esther,Jedran,ofelia.esther.jedran@outlook.com
Jose Maria,Andrés,jose.maria.andrés@outlook.com
Serafina,Puyol,serafina.puyol@gmail.com
Nestor,Aristoy,nestor.aristoy@gmail.com
Manuela,Dounani,manuela.dounani@outlook.com
Elvira del Carmen,Chaf,elvira.del.carmen.chaf@outlook.com
Maria Guillermina,Fnine,maria.guillermina.fnine@outlook.com
Renata,Rivet,renata.rivet@gmail.com
Teresa Catalina,Riera,teresa.catalina.riera@gmail.com
Eulogia,Moriña,eulogia.moriña@outlook.com
Eusebio,Aymerich,eusebio.aymerich@gmail.com
Casiano,Aymerich,casiano.aymerich@outlook.com
Maria Lidia,Roldán,maria.lidia.roldán@gmail.com
Cristina,Batalla,cristina.batalla@gmail.com
Gregoria,Faus,gregoria.faus@outlook.com
Angel,Santander,angel.santander@outlook.com
Elisa Maria,Escude,elisa.maria.escude@gmail.com
Regina,Cabello,regina.cabello@outlook.com
Maria Guillermina,Urbano,maria.guillermina.urbano@outlook.com
Dominga Maria,Boukrouna,dominga.maria.boukrouna@gmail.com
Victorio,Encarnacion,victorio.encarnacion@gmail.com
Luis Francisco,Jaanin,luis.francisco.jaanin@gmail.com
Pierina,Cadevall,pierina.cadevall@outlook.com
Victorina,Cortés,victorina.cortés@gmail.com
Haydee Noemi,Burgué,haydee.noemi.burgué@outlook.com
Isabel Josefa,Martin,isabel.josefa.martin@gmail.com
Edelma,Baños,edelma.baños@outlook.com
Juan JosÃ©,Vaca,juan.josÃ©.vaca@outlook.com
Jose Rodolfo,Castro,jose.rodolfo.castro@outlook.com
Armando Juan,Lin,armando.juan.lin@outlook.com
Faustino,Martínez,faustino.martínez@gmail.com
Savina Silvaria,Girón,savina.silvaria.girón@outlook.com
Antonia Maria,Giraldez,antonia.maria.giraldez@gmail.com
Nicanor,Ayoso,nicanor.ayoso@outlook.com
Inocencio,Faye,inocencio.faye@outlook.com
Blanca Iris,Bukasa,blanca.iris.bukasa@outlook.com
Jose Osvaldo,Rodriguez,jose.osvaldo.rodriguez@gmail.com
Leonarda,Prunés,leonarda.prunés@outlook.com
Atilio,Leiva,atilio.leiva@gmail.com
Ruth,El akhal,ruth.el.akhal@gmail.com
Catalina,Orús,catalina.orús@outlook.com
Hector Raul,Aranda,hector.raul.aranda@outlook.com
Luisa Nieve,Orellana,luisa.nieve.orellana@gmail.com
Ofelia Esther,Barceló,ofelia.esther.barceló@outlook.com
Maria Otilia,El bouchaibi,maria.otilia.el.bouchaibi@gmail.com
Dora,El hatimi,dora.el.hatimi@outlook.com
Roberto Jose,Kriouech,roberto.jose.kriouech@outlook.com
Maria Argentina,Navarro,maria.argentina.navarro@gmail.com
Hector Abel,Espinoza,hector.abel.espinoza@outlook.com
Stefania,Pizarro,stefania.pizarro@gmail.com
Meliton,Herrero,meliton.herrero@gmail.com
Haydee,Baños,haydee.baños@gmail.com
Marina,Ocaña,marina.ocaña@outlook.com
Silvia,Khaled,silvia.khaled@gmail.com
Nelida,Garzon,nelida.garzon@outlook.com
Antonina,Valderrama,antonina.valderrama@outlook.com
Placida,Bounouar,placida.bounouar@gmail.com
Maria Francisca,Hennoun,maria.francisca.hennoun@outlook.com
Eustaquia,López,eustaquia.lópez@gmail.com
Lucia Lastenia,Pared,lucia.lastenia.pared@gmail.com
Estanislada,Batalla,estanislada.batalla@gmail.com
Estrella,El hannach,estrella.el.hannach@outlook.com
Elsa Dora,Diaz,elsa.dora.diaz@outlook.com
Fausto Ernesto,El mahraz,fausto.ernesto.el.mahraz@outlook.com
Ambrosio,Mullor,ambrosio.mullor@gmail.com
Julio,Fenoy,julio.fenoy@outlook.com
Rosa Albina,Urbano,rosa.albina.urbano@gmail.com
Carlos Ernesto,Sanchez,carlos.ernesto.sanchez@outlook.com
Edith,Ferreira,edith.ferreira@outlook.com
Amanda,Camps,amanda.camps@gmail.com
Maria Helenita Josefina Trinidad,Hablili,maria.helenita.josefina.trinidad.hablili@gmail.com
Wenceslao,El ghzaoui,wenceslao.el.ghzaoui@gmail.com
Valentina,Ferrer,valentina.ferrer@outlook.com
Lucio Ramon,Sandoval,lucio.ramon.sandoval@gmail.com
Dominga Maria,El tiouaj,dominga.maria.el.tiouaj@outlook.com
Simon,Youssef,simon.youssef@gmail.com
Amelia,Aguilar,amelia.aguilar@outlook.com
Maria Carmen,Fargas,maria.carmen.fargas@gmail.com
Fermin,Oleo,fermin.oleo@gmail.com
Hortencia,Utset,hortencia.utset@outlook.com
Nelida Rosa,Pau,nelida.rosa.pau@outlook.com
Jose Osvaldo,Baa,jose.osvaldo.baa@gmail.com
Samuel Abel,Ezzahrani,samuel.abel.ezzahrani@outlook.com
Paula,Ochoa,paula.ochoa@gmail.com
Dora Isabel,Infantes,dora.isabel.infantes@gmail.com
Juan Francisco,Santos,juan.francisco.santos@gmail.com
Aurelia,Benaboud,aurelia.benaboud@gmail.com
Leonides,El-matyach,leonides.el-matyach@outlook.com
Teresa Victoria,Segura,teresa.victoria.segura@outlook.com
Amelia Dorinda,Rue,amelia.dorinda.rue@gmail.com
Stefania,Ligero,stefania.ligero@outlook.com
Nelida Elsa,Makdoun,nelida.elsa.makdoun@outlook.com
Estrella,Znanda,estrella.znanda@gmail.com
Angela Josefa,Vilas,angela.josefa.vilas@gmail.com
Sixta,Amar,sixta.amar@gmail.com
Atilio Alberto,Munt,atilio.alberto.munt@gmail.com
Feliciano,Pirla,feliciano.pirla@gmail.com
Irma Letizia,Gómez,irma.letizia.gómez@gmail.com
MarÃ­a AsunciÃ³n,Fuigueras,marÃ­a.asunciÃ³n.fuigueras@outlook.com
Juan de Dios,Marco,juan.de.dios.marco@gmail.com
Marciana,Llovera,marciana.llovera@outlook.com
Ana Maria,Knouz,ana.maria.knouz@gmail.com
Lidia,Cuevas,lidia.cuevas@outlook.com
Anselmo Enrique,Cemeli,anselmo.enrique.cemeli@gmail.com
Ricarda,Kharchafi,ricarda.kharchafi@gmail.com
Lucinda,Chaf,lucinda.chaf@gmail.com
Virginia,Lázaro,virginia.lázaro@outlook.com
Barbara,Codina,barbara.codina@gmail.com
Eduardo,Caballero,eduardo.caballero@gmail.com
Adolfo,Khan,adolfo.khan@gmail.com
Blanca Nieve,Diaz,blanca.nieve.diaz@outlook.com
Maria Haydee,Boukrouna,maria.haydee.boukrouna@gmail.com
Irma Leonor,Bouassila,irma.leonor.bouassila@outlook.com
Osvaldo,Dahak,osvaldo.dahak@outlook.com
Esther,Andres,esther.andres@outlook.com
Toribio,Perea,toribio.perea@outlook.com
Enrique Ramon,Lázaro,enrique.ramon.lázaro@outlook.com
Rosa Delia,Moukhchane,rosa.delia.moukhchane@gmail.com
Julio Alberto,Lázaro,julio.alberto.lázaro@gmail.com
Inocencia,Valenzuela,inocencia.valenzuela@gmail.com
Miguel Oscar,Boza,miguel.oscar.boza@outlook.com
Amelia,Boza,amelia.boza@outlook.com
Carmen,Solano,carmen.solano@gmail.com
Dora,Bouajel,dora.bouajel@gmail.com
Dora Raquel,Garcia,dora.raquel.garcia@outlook.com
Prospero,León,prospero.león@gmail.com
Rosa AngÃ©lica,Antar,rosa.angÃ©lica.antar@outlook.com
Ana,El bakey,ana.el.bakey@gmail.com
Argentina,Masow,argentina.masow@outlook.com
Rosa Esther,Casanova,rosa.esther.casanova@gmail.com
Maria Elvira,Bendayhia,maria.elvira.bendayhia@gmail.com
Luisa Maria,Rivera,luisa.maria.rivera@gmail.com
Elvira Negalisa,El haitouti,elvira.negalisa.el.haitouti@outlook.com
Justa,Flores,justa.flores@gmail.com
Concepcion,Pla,concepcion.pla@gmail.com
Benito,Roman,benito.roman@gmail.com
Benedicta,Serrano,benedicta.serrano@outlook.com
Juana Isabel,Espinola,juana.isabel.espinola@outlook.com
Beatriz Maria,Orozco,beatriz.maria.orozco@outlook.com
Carlos Alberto,Borras,carlos.alberto.borras@gmail.com
Maria Petrona,Ceesay,maria.petrona.ceesay@gmail.com
Adelina,Hamood,adelina.hamood@outlook.com
Amadeo,Aznay,amadeo.aznay@gmail.com
Maria Francisca,Correa,maria.francisca.correa@gmail.com
Claudia,Albaina,claudia.albaina@gmail.com
Hector Antonio,Rais,hector.antonio.rais@gmail.com
Bernardina,Youssef,bernardina.youssef@outlook.com
Olga Esther,Ferrandis,olga.esther.ferrandis@outlook.com
Rosa Esther,Casamiquela,rosa.esther.casamiquela@gmail.com
Angelica del Carmen,Aristoy,angelica.del.carmen.aristoy@outlook.com
Maria Adela,Quesada,maria.adela.quesada@outlook.com
Antonio Carlos,Pinzetta,antonio.carlos.pinzetta@gmail.com
Hector Abel,Amorós,hector.abel.amorós@outlook.com
Elida Esther,Marulanda,elida.esther.marulanda@gmail.com
Pedro Pablo,Gómez,pedro.pablo.gómez@outlook.com
Genoveva,El hind,genoveva.el.hind@gmail.com
Maria Estela,Cervelló,maria.estela.cervelló@gmail.com
Perla,Gibert,perla.gibert@outlook.com
Guillermina,Figueroa,guillermina.figueroa@outlook.com
Luis Paulino,Alonso,luis.paulino.alonso@gmail.com
Cristina Rosalia,Rio,cristina.rosalia.rio@outlook.com
Arminda,Buret,arminda.buret@outlook.com
Basilio,Lalouch,basilio.lalouch@outlook.com
Leonarda,Arrass,leonarda.arrass@gmail.com
Leonor,Touay,leonor.touay@outlook.com
Blanca Nieve,Torrejón,blanca.nieve.torrejón@outlook.com
Ana Esther,Noman,ana.esther.noman@outlook.com
Celmira Olga,Alcocer,celmira.olga.alcocer@gmail.com
Benjamin,Bautista,benjamin.bautista@outlook.com
Anibal,El machtirou,anibal.el.machtirou@gmail.com
Elsa Isabel Paula,Benyessef,elsa.isabel.paula.benyessef@outlook.com
Maria Elisa,El haitouti,maria.elisa.el.haitouti@outlook.com
Lidia Nelida,Moukhchan,lidia.nelida.moukhchan@gmail.com
Angel Pablo,Cazorla,angel.pablo.cazorla@outlook.com
Maria de los Angeles,Fernandez,maria.de.los.angeles.fernandez@outlook.com
Maria Angelica,Saavedra,maria.angelica.saavedra@outlook.com
Angel,Gavilanes,angel.gavilanes@outlook.com
Catalino,Urrutia,catalino.urrutia@outlook.com
Angela Maria,Gea,angela.maria.gea@gmail.com
Jorge Adolfo,Gtaibi,jorge.adolfo.gtaibi@gmail.com
Anastasia,Creus,anastasia.creus@gmail.com
Marcelina,Rodriguez,marcelina.rodriguez@outlook.com
Elda,Ramli,elda.ramli@gmail.com
Isidoro,Diatta,isidoro.diatta@outlook.com
Rosa Delia,Enrech,rosa.delia.enrech@outlook.com
Rosa Olga,Zakriti,rosa.olga.zakriti@gmail.com
Nelly Esther,Banchs,nelly.esther.banchs@gmail.com
Leonor Alejandrina,Lopez,leonor.alejandrina.lopez@gmail.com
Mercedes,Maeso,mercedes.maeso@outlook.com
Juana Albina,El mahraz,juana.albina.el.mahraz@gmail.com
Carmen Fabriciana,Amatller,carmen.fabriciana.amatller@gmail.com
Maria Celia,López,maria.celia.lópez@gmail.com
Cirilo,Villa,cirilo.villa@gmail.com
Velia,Flores,velia.flores@gmail.com
Maria,Hernandez,maria.hernandez@outlook.com
Anibal,El baitar,anibal.el.baitar@gmail.com
Maria Luisa,López,maria.luisa.lópez@gmail.com
Rogelia,Negrou,rogelia.negrou@outlook.com
Wolf,Hernando,wolf.hernando@outlook.com
Leonardo,Vakhitov,leonardo.vakhitov@gmail.com
Eustaquia,Corral,eustaquia.corral@outlook.com
Rosa Nelida,López,rosa.nelida.lópez@gmail.com
Atilio Alberto,Canyameres,atilio.alberto.canyameres@gmail.com
Anselmo Enrique,El asri,anselmo.enrique.el.asri@gmail.com
Ana Maria,Campany,ana.maria.campany@gmail.com
Martiniano,Al balaoui,martiniano.al.balaoui@outlook.com
Maria Virginia,Ortiz,maria.virginia.ortiz@gmail.com
Wifredo Abel,Fernandez,wifredo.abel.fernandez@outlook.com
Stefania,Adeel,stefania.adeel@outlook.com
Elvira Esther,Fari,elvira.esther.fari@outlook.com
Leonor Alejandrina,Znanda,leonor.alejandrina.znanda@outlook.com
Carlota,Rivet,carlota.rivet@outlook.com
Graciana,Rodriguez,graciana.rodriguez@gmail.com
Hector Abel,Vera,hector.abel.vera@gmail.com
Elida,Reyes,elida.reyes@gmail.com
Americo,Menéndez,americo.menéndez@outlook.com
Anunciada,Santiago,anunciada.santiago@gmail.com
Jose Angel,Farias,jose.angel.farias@outlook.com
Haydee Carmen,Alcerro,haydee.carmen.alcerro@outlook.com
Wifredo Abel,Vilà,wifredo.abel.vilà@outlook.com
Vicente,Miro,vicente.miro@gmail.com
Albino,Durán,albino.durán@gmail.com
Graciela,Figueras,graciela.figueras@outlook.com
Elvira Carmen  Julia,Maqueda,elvira.carmen..julia.maqueda@gmail.com
Aurora,Rais,aurora.rais@gmail.com
Ines Maria,Cortez,ines.maria.cortez@outlook.com
Jose Vito Antonio,Villach,jose.vito.antonio.villach@outlook.com
Lina,Leal,lina.leal@outlook.com
Alberto,Gordillo,alberto.gordillo@gmail.com
Dora,Otero,dora.otero@outlook.com
Leonilda,Chacon,leonilda.chacon@outlook.com
Maria Carmen,El hannach,maria.carmen.el.hannach@gmail.com
Consuelo,El addari,consuelo.el.addari@gmail.com
Matias,Casanova,matias.casanova@outlook.com
Jorge Enrique,Godoy,jorge.enrique.godoy@outlook.com
Aurelia,Riu,aurelia.riu@outlook.com
Adelmo Estanislao,Gomez,adelmo.estanislao.gomez@gmail.com
Jorge Antonio,Charef,jorge.antonio.charef@outlook.com
MarÃ­a Juana,Vera,marÃ­a.juana.vera@outlook.com
Juan Bautista,Torres,juan.bautista.torres@gmail.com
Hilaria,Toghassi,hilaria.toghassi@gmail.com
Ramon,Carvajal,ramon.carvajal@gmail.com
Dora Isabel,Borrás,dora.isabel.borrás@gmail.com
Ofelia Esther,Peon,ofelia.esther.peon@gmail.com
Amelia Esther,Milán,amelia.esther.milán@outlook.com
Ernestina,El tsuli,ernestina.el.tsuli@outlook.com
Albino,Cid,albino.cid@outlook.com
Lidia Nelida,Rubio,lidia.nelida.rubio@outlook.com
 Isabel,Luque,.isabel.luque@gmail.com
Pedro,Ouali,pedro.ouali@gmail.com
Eladia,Dkouk,eladia.dkouk@gmail.com
Maria Carolina,Gemignani,maria.carolina.gemignani@gmail.com
Rosa Elena,Bendayhia,rosa.elena.bendayhia@gmail.com
Elba Antonia,Labrada,elba.antonia.labrada@outlook.com
Blanca Lidia,Infantes,blanca.lidia.infantes@outlook.com
Irma Leonor,Ruiz,irma.leonor.ruiz@gmail.com
Alfredo Jose,Gea,alfredo.jose.gea@outlook.com
Olga Esther,Bermúdez,olga.esther.bermúdez@gmail.com
MarÃ­a AsunciÃ³n,Rodríguez,marÃ­a.asunciÃ³n.rodríguez@outlook.com
Serafina,Andres,serafina.andres@gmail.com
Humberto,Murraku,humberto.murraku@gmail.com
Angel Pablo,Cuevas,angel.pablo.cuevas@outlook.com
Ana Rosa,Alonso,ana.rosa.alonso@gmail.com
Alba Rosa,Espinola,alba.rosa.espinola@gmail.com
Juana Evangelista,Gil,juana.evangelista.gil@outlook.com
Julio,Creus,julio.creus@gmail.com
Clemente,Chibri,clemente.chibri@gmail.com
RamÃ³n Roberto,Arias,ramÃ³n.roberto.arias@gmail.com
Jacinta,Rueda,jacinta.rueda@outlook.com
Rosa Teresa,Salmerón,rosa.teresa.salmerón@outlook.com
Daniel,El khayat,daniel.el.khayat@gmail.com
Erminia,Clemente,erminia.clemente@outlook.com
Angel,Azuara,angel.azuara@gmail.com
Clorinda,Morante,clorinda.morante@gmail.com
Elvira del Carmen,Vilar,elvira.del.carmen.vilar@outlook.com
Delicia,Pujol,delicia.pujol@outlook.com
Elvira Carmen  Julia,Labouardy,elvira.carmen..julia.labouardy@outlook.com
Lilia,Ramírez,lilia.ramírez@outlook.com
Meliton,Azarfane,meliton.azarfane@gmail.com
Susana Elisa,Al baitar,susana.elisa.al.baitar@gmail.com
Haydee,Ayoso,haydee.ayoso@gmail.com
Jose Luis,Pujol,jose.luis.pujol@outlook.com
Juana Maria,Fnine,juana.maria.fnine@outlook.com
Benita,Espinal,benita.espinal@gmail.com
Ida,Royo,ida.royo@gmail.com
Berta,Puerta,berta.puerta@gmail.com
Zulma Nydia,Mbengue,zulma.nydia.mbengue@gmail.com
Maxima,Castro,maxima.castro@gmail.com
Belisario,Bonfill,belisario.bonfill@gmail.com
Martin,Baños,martin.baños@gmail.com
Maria Ramona,Munt,maria.ramona.munt@outlook.com
Basilio,Anglada,basilio.anglada@outlook.com
Orlando Hevel,Singh,orlando.hevel.singh@gmail.com
Maria Helenita Josefina Trinidad,Arrass,maria.helenita.josefina.trinidad.arrass@gmail.com
Graciela Nieves,Maeso,graciela.nieves.maeso@gmail.com
Roque,Castro,roque.castro@gmail.com
Savina Silvaria,Turmo,savina.silvaria.turmo@outlook.com
Isabel Josefa,Bel,isabel.josefa.bel@outlook.com
Jorge,Arrass,jorge.arrass@outlook.com
Dionicia,Nhari,dionicia.nhari@gmail.com
Maria Catalina,Domingiuez,maria.catalina.domingiuez@outlook.com
RamÃ³n Eduardo,Cózar,ramÃ³n.eduardo.cózar@outlook.com
Maria Celia,El hasnaoui,maria.celia.el.hasnaoui@gmail.com
Juliana,Rico,juliana.rico@gmail.com
Cirila Esteher,Rujoiu,cirila.esteher.rujoiu@outlook.com
Jose Andres,Benzian,jose.andres.benzian@gmail.com
Elba Antonia,Jaanin,elba.antonia.jaanin@outlook.com
Silvano,Caballero,silvano.caballero@outlook.com
EncarnaciÃ³n,Yagoub,encarnaciÃ³n.yagoub@outlook.com
Jose Ramon,El jarroudi,jose.ramon.el.jarroudi@outlook.com
Wolf,Alonso,wolf.alonso@outlook.com
Sara,El tsuli,sara.el.tsuli@gmail.com
Susana Elisa,Belgartit,susana.elisa.belgartit@gmail.com
Blanca Rosa,Cortes,blanca.rosa.cortes@outlook.com
Elena Maria,El bakey,elena.maria.el.bakey@gmail.com
Elena Alicia,Mehmood,elena.alicia.mehmood@outlook.com
Maria Victoria,Chibri,maria.victoria.chibri@gmail.com
Jorge Adolfo,Serrhine,jorge.adolfo.serrhine@gmail.com
Israel,Ela,israel.ela@outlook.com
Guillermo,Reyes,guillermo.reyes@gmail.com
Virginia Selfora,Gtaibi,virginia.selfora.gtaibi@gmail.com
Mariano,Taizi,mariano.taizi@gmail.com
Juan Bautista,Garriga,juan.bautista.garriga@gmail.com
Gina,Hurtado,gina.hurtado@outlook.com
Magdalena,Calvo,magdalena.calvo@gmail.com
Lidia,El youbari,lidia.el.youbari@gmail.com
Matias,Ouharram,matias.ouharram@gmail.com
Carlos Agustin,Ben haddou,carlos.agustin.ben.haddou@gmail.com
Isabel Angela,Cjarrouf,isabel.angela.cjarrouf@gmail.com
Maxima,Al andalusi,maxima.al.andalusi@gmail.com
Bernardino,Boukhannous,bernardino.boukhannous@gmail.com
InÃ©s,Duran,inÃ©s.duran@gmail.com
Ana Olga,Álvarez,ana.olga.Álvarez@outlook.com
Crispina,Ortiz,crispina.ortiz@gmail.com
Ramona Rosa,Diaz,ramona.rosa.diaz@gmail.com
Rafael,Julià,rafael.julià@outlook.com
Leonardo,Álvarez,leonardo.Álvarez@gmail.com
Laureano,Arou,laureano.arou@outlook.com
Nelida Francisca,Kharchafi,nelida.francisca.kharchafi@outlook.com
Alberto Oscar,Wencelblat,alberto.oscar.wencelblat@outlook.com
Leonor,El hiyani,leonor.el.hiyani@outlook.com
Maria Rosa,El ankoud,maria.rosa.el.ankoud@gmail.com
Eriberta,Khaled,eriberta.khaled@gmail.com
Angelica Carmen,Castellanos,angelica.carmen.castellanos@gmail.com
Prospero,Amenchar,prospero.amenchar@outlook.com
Eusebia,Ait youssef,eusebia.ait.youssef@outlook.com
Noemi Luciana Renee,Moukhchan,noemi.luciana.renee.moukhchan@outlook.com
Benedicta,Bouassila,benedicta.bouassila@gmail.com
Manuela Juana,Alabwaini,manuela.juana.alabwaini@outlook.com
Elena Maria,Vidal,elena.maria.vidal@gmail.com
Gustavo German Walter,Tay,gustavo.german.walter.tay@gmail.com
Joaquina,Comas,joaquina.comas@gmail.com
Maria Clementina,El hatimi,maria.clementina.el.hatimi@outlook.com
Genoveva,Espinosa,genoveva.espinosa@outlook.com
Carlos Agustin,Naharro,carlos.agustin.naharro@gmail.com
Esther Carmen,Casals,esther.carmen.casals@gmail.com
Elisa,Salouji,elisa.salouji@gmail.com
Angelica Dora,El karia,angelica.dora.el.karia@gmail.com
Maria Francisca,El musaui,maria.francisca.el.musaui@gmail.com
Jose,Gamarra,jose.gamarra@outlook.com
Lucia Teresa,Ouharram,lucia.teresa.ouharram@outlook.com
Elida Esther,Pinazo,elida.esther.pinazo@outlook.com
Raimundo,Orosco,raimundo.orosco@gmail.com
Hector Raul,Cortes,hector.raul.cortes@gmail.com
Carlos Jose,Lindez,carlos.jose.lindez@outlook.com
Susana Irma,El hannach,susana.irma.el.hannach@gmail.com
Justo,Valls,justo.valls@gmail.com
Avelina,Diaz,avelina.diaz@gmail.com
Hipolito,Fnine,hipolito.fnine@gmail.com
BrÃ­gida,Guzzetti,brÃ­gida.guzzetti@outlook.com
Marina,Martinez,marina.martinez@outlook.com
Benedicta,Azarfane,benedicta.azarfane@outlook.com
Teresa Ilda,Jiménez,teresa.ilda.jiménez@gmail.com
Carlos Manuel,Lalouch,carlos.manuel.lalouch@outlook.com
Dora,Gabarre,dora.gabarre@outlook.com
Elsa Dora,Noguer,elsa.dora.noguer@gmail.com
Israel,Moreno,israel.moreno@gmail.com
Alicia,Rujoiu,alicia.rujoiu@outlook.com
Graciela Nieves,El ouardi,graciela.nieves.el.ouardi@gmail.com
Haydee Carmen,Sarhan,haydee.carmen.sarhan@gmail.com
Estela Francisca Esther,Morales,estela.francisca.esther.morales@gmail.com
Adalberto Ernesto,Fernandez,adalberto.ernesto.fernandez@outlook.com
Florentino,Ferrandis,florentino.ferrandis@outlook.com
Irma Esther,Arevalo,irma.esther.arevalo@gmail.com
Antonino,Liu,antonino.liu@outlook.com
Epifanio,Moreno,epifanio.moreno@outlook.com
Carlos Agustin,Hattaki,carlos.agustin.hattaki@gmail.com
Luis Alfredo,Otero,luis.alfredo.otero@outlook.com
Carlos Agustin,Reche,carlos.agustin.reche@gmail.com
Evangelina,Rivera,evangelina.rivera@outlook.com
Celestino,Garcia,celestino.garcia@gmail.com
Isaura,Fnine,isaura.fnine@outlook.com
Maria Josefina,Escolies,maria.josefina.escolies@outlook.com
Hector Raul,Dominguez,hector.raul.dominguez@gmail.com
Maria Emilia,Morales,maria.emilia.morales@outlook.com
Nicanor,Antar,nicanor.antar@gmail.com
Gerardo Adolfo,Fall,gerardo.adolfo.fall@outlook.com
Elena Raquel,Amjahad,elena.raquel.amjahad@outlook.com
Ruth,El hammani,ruth.el.hammani@outlook.com
Florinda,Baños,florinda.baños@gmail.com
Jose Carlos,El arif,jose.carlos.el.arif@outlook.com
Sixta,Calderon,sixta.calderon@outlook.com
Eduardo Luis,Martinez,eduardo.luis.martinez@outlook.com
Sara Josefina,Bettioui,sara.josefina.bettioui@gmail.com
Ceferina,Jedran,ceferina.jedran@gmail.com
Marciana,Figueras,marciana.figueras@gmail.com
Carmen NÃ©lida,El khayat,carmen.nÃ©lida.el.khayat@gmail.com
Teresa Luisa,Ipiales,teresa.luisa.ipiales@gmail.com
Susana Esther,Pérez-hita,susana.esther.pérez-hita@outlook.com
Higinia,Cabello,higinia.cabello@gmail.com
Maria Paulina,Reina,maria.paulina.reina@gmail.com
Iriazora,Garoz,iriazora.garoz@outlook.com
Fausto Ernesto,Bouharrat,fausto.ernesto.bouharrat@outlook.com
Milagro,Kasa,milagro.kasa@gmail.com
Renato,Liu,renato.liu@gmail.com
Catalina Delia,Ferreira,catalina.delia.ferreira@outlook.com
Corina,Graells,corina.graells@outlook.com
AngÃ©lica,Giménez,angÃ©lica.giménez@gmail.com
Elsa Ana,Giménez,elsa.ana.giménez@outlook.com
Antonio Rosario,Marqués,antonio.rosario.marqués@gmail.com
Maria Petrona,Khaled,maria.petrona.khaled@outlook.com
Amelia Dorinda,Naranjo,amelia.dorinda.naranjo@outlook.com
Serafina,Quesada,serafina.quesada@outlook.com
Maria Hortensia,Barrio,maria.hortensia.barrio@outlook.com
Luisa Maria,Castells,luisa.maria.castells@outlook.com
Stefania,Al bini,stefania.al.bini@gmail.com
Natalia,Bonfill,natalia.bonfill@outlook.com
Benjamin,González,benjamin.gonzález@gmail.com
Laura,Ballesta,laura.ballesta@gmail.com
Eustaquio,Cortez,eustaquio.cortez@outlook.com
Dora Isabel,Cribas,dora.isabel.cribas@outlook.com
Hermelinda,Bouazzati,hermelinda.bouazzati@outlook.com
Santiago Antonio,Sastre,santiago.antonio.sastre@gmail.com
Cristina,Benítez,cristina.benítez@outlook.com
Rosa Maria,Ceesay,rosa.maria.ceesay@outlook.com
Sumiko,Salouji,sumiko.salouji@outlook.com
Lucia Lastenia,Ibn el oualyd,lucia.lastenia.ibn.el.oualyd@outlook.com
Maria Modesta,Moratalla,maria.modesta.moratalla@outlook.com
Nicanor,Daih,nicanor.daih@outlook.com
Venancio,Gasset,venancio.gasset@outlook.com
Irma,Charef,irma.charef@gmail.com
Evangelina,Boukrouna,evangelina.boukrouna@gmail.com
Angelina,Fenoy,angelina.fenoy@gmail.com
Cantalicio,Quintana,cantalicio.quintana@outlook.com
Elsa Francisca,Azad,elsa.francisca.azad@gmail.com
Elvira Rosa,Urbina,elvira.rosa.urbina@gmail.com
Ricarda,Amenchar,ricarda.amenchar@outlook.com
AngÃ©lica,Mosquera,angÃ©lica.mosquera@gmail.com
Lidia,Fari,lidia.fari@gmail.com
Marcelina,Banjaira,marcelina.banjaira@outlook.com
Blanca Elsa,Olivé,blanca.elsa.olivé@gmail.com
Velia,Chacon,velia.chacon@outlook.com
Prudencia,Kabab,prudencia.kabab@gmail.com
Etelvina,Guzmán,etelvina.guzmán@outlook.com
Amanda,Espinoza,amanda.espinoza@outlook.com
Maria Salome,Abdo,maria.salome.abdo@outlook.com
Raul,Marín,raul.marín@outlook.com
Diego,Campany,diego.campany@outlook.com
Clara Del Carmen,Fernandez,clara.del.carmen.fernandez@gmail.com
Isidora,Puig,isidora.puig@outlook.com
Cleotilde,Ariño,cleotilde.ariño@gmail.com
Elena Ana,Gomez,elena.ana.gomez@outlook.com
Maximo,Bouajel,maximo.bouajel@gmail.com
Rene Dionisio,Meléndez,rene.dionisio.meléndez@gmail.com
Leonor,Olivé,leonor.olivé@outlook.com
Simona,Casquero,simona.casquero@outlook.com
Rosa AngÃ©lica,Naranjo,rosa.angÃ©lica.naranjo@outlook.com
Maria Elisa,Olalla,maria.elisa.olalla@gmail.com
Emma Rosa,El hiyani,emma.rosa.el.hiyani@outlook.com
Guillerma,Dual,guillerma.dual@outlook.com
Benigna,Grueso,benigna.grueso@outlook.com
Maria Hortencia,Duque,maria.hortencia.duque@outlook.com
Maria Elva,Pacheco,maria.elva.pacheco@gmail.com
Maria de las Mercedes,Montero,maria.de.las.mercedes.montero@outlook.com
Teodoro,Alabwaini,teodoro.alabwaini@gmail.com
Juana Albina,Puig,juana.albina.puig@outlook.com
Rina,Sala,rina.sala@outlook.com
Ernesto,Pla,ernesto.pla@outlook.com
Anita,Puig,anita.puig@outlook.com
Horacio,Mustafa,horacio.mustafa@outlook.com
Victorina,Pagadizabal,victorina.pagadizabal@outlook.com
Florinda,Borras,florinda.borras@gmail.com
Elsa Isabel Paula,Urbina,elsa.isabel.paula.urbina@outlook.com
Ana Margarita,Mendoza,ana.margarita.mendoza@gmail.com
Jose Juan,Andrés,jose.juan.andrés@outlook.com
Clara Maria,Orús,clara.maria.orús@gmail.com
Victoriana,Baa,victoriana.baa@gmail.com
Yolanda,El garah,yolanda.el.garah@outlook.com
Maria Nieves,Ipiales,maria.nieves.ipiales@gmail.com
Ana Josefa,Pedraza,ana.josefa.pedraza@outlook.com
Raimunda,Bruguera,raimunda.bruguera@outlook.com
Gertrudis,Villada,gertrudis.villada@gmail.com
Moises,Cazorla,moises.cazorla@gmail.com
Rosa Albina,Campos,rosa.albina.campos@gmail.com
Maria Amelia,Milán,maria.amelia.milán@gmail.com
Rosa Nelida,Noman,rosa.nelida.noman@outlook.com
Rogelio,Khaled,rogelio.khaled@outlook.com
Ricardo,Castellanos,ricardo.castellanos@gmail.com
Estefania,Touray,estefania.touray@outlook.com
Maria Helenita Josefina Trinidad,Rios,maria.helenita.josefina.trinidad.rios@gmail.com
Gerardo Adolfo,El karrichi,gerardo.adolfo.el.karrichi@gmail.com
Evangelista,Mena,evangelista.mena@outlook.com
Lina,Oulad el hadj,lina.oulad.el.hadj@outlook.com
Rosa Maria,Correa,rosa.maria.correa@outlook.com
Maria Zulema,Lamsanded,maria.zulema.lamsanded@gmail.com
Claudina,Mestre,claudina.mestre@gmail.com
Ana Maria,Boudraa,ana.maria.boudraa@outlook.com
Hector Abel,El karraoui,hector.abel.el.karraoui@outlook.com
Juan Manuel,Valenzuela,juan.manuel.valenzuela@outlook.com
Elba Antonia,El morabitti,elba.antonia.el.morabitti@gmail.com
Eriberta,Castells,eriberta.castells@outlook.com
Eustaquia,Zaidi,eustaquia.zaidi@gmail.com
Elena Raquel,Vera,elena.raquel.vera@gmail.com
Esther,Gea,esther.gea@outlook.com
Virginia Selfora,El haddadi,virginia.selfora.el.haddadi@gmail.com
Atilio Alberto,Tay,atilio.alberto.tay@gmail.com
Petrona,Carvajal,petrona.carvajal@gmail.com
Maria Clementina,Alcutén,maria.clementina.alcutén@outlook.com
Delia,Fargas,delia.fargas@outlook.com
Esther Carmen,Herrera,esther.carmen.herrera@gmail.com
Ursula,Echeverry,ursula.echeverry@outlook.com
Graciana,Fall,graciana.fall@gmail.com
Jose Francisco,Chbouk,jose.francisco.chbouk@gmail.com
Rosa Olga,Ferrer,rosa.olga.ferrer@gmail.com
Joaquin,Fall,joaquin.fall@gmail.com
Juan Alberto,Pfeiffer,juan.alberto.pfeiffer@gmail.com
Gracia,Diaz,gracia.diaz@outlook.com
Maria Nelida,Parra,maria.nelida.parra@outlook.com
Angela Maria,Laaraj,angela.maria.laaraj@outlook.com
Jacinto,Baciero,jacinto.baciero@gmail.com
Graciana Concepcion,Acevedo,graciana.concepcion.acevedo@gmail.com
Maria Argentina,Bozic,maria.argentina.bozic@outlook.com
Silvano,Wencelblat,silvano.wencelblat@outlook.com
Eduardo Luis,Puertas,eduardo.luis.puertas@gmail.com
Inmaculada,Arrass,inmaculada.arrass@outlook.com
Gracia,Campos,gracia.campos@gmail.com
Marcos,Ben hazem,marcos.ben.hazem@gmail.com
Azucena,Ruiz,azucena.ruiz@outlook.com
InÃ©s Beatriz,Javed,inÃ©s.beatriz.javed@outlook.com
Elvira Irene,Garrido,elvira.irene.garrido@outlook.com
Emilio,Alier,emilio.alier@gmail.com
Damiana,El hajoui,damiana.el.hajoui@gmail.com
Maria Tomasa,Bel,maria.tomasa.bel@outlook.com
Juana Pabla,Draig,juana.pabla.draig@gmail.com
Andres,Acosta,andres.acosta@outlook.com
Fortunata,El moussaoui,fortunata.el.moussaoui@gmail.com
Agustin,Baa,agustin.baa@outlook.com
Martina,Diaz,martina.diaz@outlook.com
Blanca Nieves,Aranda,blanca.nieves.aranda@gmail.com
Maria Etelvina,Padame,maria.etelvina.padame@gmail.com
Juan Francisco,Moriña,juan.francisco.moriña@outlook.com
Maria Elsa,Mehmood,maria.elsa.mehmood@outlook.com
Guillermo,Gonzalo,guillermo.gonzalo@outlook.com
Jose Juan,Abdelhak,jose.juan.abdelhak@gmail.com
Claudina,Lojano,claudina.lojano@outlook.com
Leonardo,Pagadizabal,leonardo.pagadizabal@gmail.com
Maria Esther,Vives,maria.esther.vives@outlook.com
Teodoro,Cribas,teodoro.cribas@gmail.com
Tomasa,El boutia,tomasa.el.boutia@gmail.com
Angel Pablo,Faye,angel.pablo.faye@gmail.com
Fanny,Riu,fanny.riu@gmail.com
Aurora,Akhdim,aurora.akhdim@outlook.com
Adela,Matalonga,adela.matalonga@gmail.com
Graciana,Benito,graciana.benito@gmail.com
Graciela,Perez,graciela.perez@outlook.com
Efrain,Huarte,efrain.huarte@gmail.com
Italia,Marín,italia.marín@outlook.com
Jose Andres,Banjaira,jose.andres.banjaira@gmail.com
Mario RaÃšl,Farrés,mario.raÃšl.farrés@gmail.com
Jacinta,El moussaoui,jacinta.el.moussaoui@gmail.com
Juana Antonia,Bermúdez,juana.antonia.bermúdez@outlook.com
Dionicia,Lamsanded,dionicia.lamsanded@gmail.com
Catalina Maria,Aynes,catalina.maria.aynes@outlook.com
Barbara,Casanovas,barbara.casanovas@outlook.com
Clorinda,Zakriti,clorinda.zakriti@gmail.com
Emma,El hatimi,emma.el.hatimi@outlook.com
Maria Petrona,Quiroga,maria.petrona.quiroga@outlook.com
Raul Antonio,Garcia,raul.antonio.garcia@outlook.com
Ruth,Montero,ruth.montero@outlook.com
Dora Elvira,Al baitar,dora.elvira.al.baitar@outlook.com
Graciana,Ruiz,graciana.ruiz@gmail.com
Amalia Catalina,Núñez,amalia.catalina.núñez@gmail.com
Susana Irma,Laaraj,susana.irma.laaraj@gmail.com
Carmen Fabriciana,Alegre,carmen.fabriciana.alegre@gmail.com
Wenceslaa,Ye,wenceslaa.ye@outlook.com
Ursulina,Amorós,ursulina.amorós@gmail.com
Florentina,Jedran,florentina.jedran@outlook.com
Jose Luis,El baitar,jose.luis.el.baitar@outlook.com
Esther,Ruiz,esther.ruiz@gmail.com
Carmen Rosa,El jarroudi,carmen.rosa.el.jarroudi@gmail.com
Pablo,Negrou,pablo.negrou@gmail.com
Maria Paulina,Benaboud,maria.paulina.benaboud@outlook.com
Ida,Kriouech,ida.kriouech@gmail.com
Elisa Dora,Cazador,elisa.dora.cazador@gmail.com
Cirila Esteher,Correa,cirila.esteher.correa@outlook.com
Maria Teresa,Cedeño,maria.teresa.cedeño@gmail.com
Avelina,Cózar,avelina.cózar@outlook.com
Corina del Rosario,Barba,corina.del.rosario.barba@outlook.com
Antonio Carlos,Gamero,antonio.carlos.gamero@gmail.com
Cesidio,Draig,cesidio.draig@gmail.com
Ilda,Castellanos,ilda.castellanos@gmail.com
Teodora,Gamero,teodora.gamero@gmail.com
Silveria,Rivera,silveria.rivera@outlook.com
Alfredo Jose,El harrari,alfredo.jose.el.harrari@gmail.com
Claudia,López,claudia.lópez@gmail.com
Adalberto Ernesto,Espinola,adalberto.ernesto.espinola@gmail.com
Elmira Iladislada,El ouahabi,elmira.iladislada.el.ouahabi@gmail.com
Ema,Enrech,ema.enrech@gmail.com
Bernardino,Lazar bakkali,bernardino.lazar.bakkali@gmail.com
Nicomedes,Fornieles,nicomedes.fornieles@gmail.com
Elena Esther,Zuñiga,elena.esther.zuñiga@outlook.com
Elba Antonia,Berenguer,elba.antonia.berenguer@outlook.com
Juan de Dios,Ligero,juan.de.dios.ligero@outlook.com
Susana Elisa,El mayi,susana.elisa.el.mayi@outlook.com
Ramon,Salguero,ramon.salguero@gmail.com
Iriazora,Edelstein,iriazora.edelstein@gmail.com
Marcos,Graells,marcos.graells@outlook.com
Rodolfo,Lamsanded,rodolfo.lamsanded@outlook.com
Petronila,Cisse,petronila.cisse@outlook.com
Elisa Maria,Fernandez,elisa.maria.fernandez@outlook.com
Marta Beatriz,Masaquiza,marta.beatriz.masaquiza@outlook.com
America,León,america.león@gmail.com
Ana Margarita,Valencia,ana.margarita.valencia@outlook.com
Adela Luisa,Jaanin,adela.luisa.jaanin@gmail.com
Prospero,Pollmeier,prospero.pollmeier@gmail.com
Edelma,Al balaoui,edelma.al.balaoui@gmail.com
Engracia,Wu,engracia.wu@gmail.com
Adelina Esther,Touay,adelina.esther.touay@gmail.com
Gerardo,Escuer,gerardo.escuer@gmail.com
Aurelio,Vilalta,aurelio.vilalta@outlook.com
Ema Del Carmen,El tsuli,ema.del.carmen.el.tsuli@outlook.com
Evangelista,Rosa,evangelista.rosa@outlook.com
Enrique Rafael,Mejdoubi,enrique.rafael.mejdoubi@outlook.com
BrÃ­gida,Mollet,brÃ­gida.mollet@outlook.com
Julia Ines,Galindo,julia.ines.galindo@outlook.com
Elvira Negalisa,El arif,elvira.negalisa.el.arif@gmail.com
Josefina InÃ¨s,Znanda,josefina.inÃ¨s.znanda@gmail.com
Felipa,Guzmán,felipa.guzmán@gmail.com
Angel Zacarias,Noman,angel.zacarias.noman@gmail.com
Teresa Catalina,Gómez,teresa.catalina.gómez@outlook.com
Rina,Domínguez,rina.domínguez@outlook.com
Angelica Dora,El mahi,angelica.dora.el.mahi@gmail.com
Susana Irma,El karia,susana.irma.el.karia@outlook.com
Carlos Ernesto,Zaidi,carlos.ernesto.zaidi@outlook.com
Rosaria,Cordoba,rosaria.cordoba@gmail.com
Rogelia,Niño,rogelia.niño@gmail.com
Julia Elena,Ordoñez,julia.elena.ordoñez@gmail.com
Teresa Victoria,Cózar,teresa.victoria.cózar@outlook.com
Martina,Puente,martina.puente@gmail.com
Elsa Josefa,El khalladi,elsa.josefa.el.khalladi@outlook.com
Delicia,Ramirez,delicia.ramirez@outlook.com
Herminio,Espinoza,herminio.espinoza@outlook.com
Felipe Neri,Oraa,felipe.neri.oraa@outlook.com
Julio Argentino,Castillo,julio.argentino.castillo@outlook.com
Lucrecia,Alcerro,lucrecia.alcerro@gmail.com
Maria Elina,El hjiouj,maria.elina.el.hjiouj@outlook.com
Regina,Bouamri,regina.bouamri@gmail.com
Maria Del Carmen,Altbach,maria.del.carmen.altbach@outlook.com
InÃ©s,Faus,inÃ©s.faus@gmail.com
Argentina,Benhamdi,argentina.benhamdi@outlook.com
Elida Esther,Hervas,elida.esther.hervas@gmail.com
Roberto JesÃºs,El addari,roberto.jesÃºs.el.addari@gmail.com
Maria Etelvina,Slimani,maria.etelvina.slimani@gmail.com
Rosa Delia,El-matyach,rosa.delia.el-matyach@gmail.com
Dora Petrona,Bergada,dora.petrona.bergada@gmail.com
Dora Isabel,Díaz,dora.isabel.díaz@outlook.com
Norberto Luis,Monja,norberto.luis.monja@outlook.com
Veronica,Macbarki,veronica.macbarki@gmail.com
Maria Elsa,Mbengue,maria.elsa.mbengue@gmail.com
InÃ©s,Orozco,inÃ©s.orozco@gmail.com
Damiana,Al bakali,damiana.al.bakali@gmail.com
Andrea,Tejedor,andrea.tejedor@gmail.com
Gina,Zeng,gina.zeng@gmail.com
Maria Angelica,Domínguez,maria.angelica.domínguez@outlook.com
Luisa Isabel,Morfa,luisa.isabel.morfa@gmail.com
Carmen Maria,Girón,carmen.maria.girón@outlook.com
Clara Maria,Villalba,clara.maria.villalba@gmail.com
Juan Bautista,Serrallo,juan.bautista.serrallo@outlook.com
Rosa Francisca,Uceda,rosa.francisca.uceda@outlook.com
Ida,Leon,ida.leon@outlook.com
Florencia,Al bini,florencia.al.bini@outlook.com
InÃ©s Beatriz,Balaguer,inÃ©s.beatriz.balaguer@gmail.com
Jose Benjamin,Wahbi,jose.benjamin.wahbi@outlook.com
Maria Ymelda,Codina,maria.ymelda.codina@outlook.com
Maria Irma,Serrano,maria.irma.serrano@gmail.com
Maria Nieves,Urbano,maria.nieves.urbano@gmail.com
Jose Rodolfo,Lindez,jose.rodolfo.lindez@outlook.com
Andrea,Moukhchan,andrea.moukhchan@outlook.com
Maria Irene,Cortez,maria.irene.cortez@outlook.com
Amelia Esther,Graterol,amelia.esther.graterol@gmail.com
Clorinda,Iqbal,clorinda.iqbal@outlook.com
Carmen Edith,Baños,carmen.edith.baños@gmail.com
Julio Cesar,Charef,julio.cesar.charef@gmail.com
Felicinda,Salmerón,felicinda.salmerón@gmail.com
Jose Domingo,Uceda,jose.domingo.uceda@outlook.com
Andres,Lachhab,andres.lachhab@outlook.com
Susana Elisa,Kharbouch,susana.elisa.kharbouch@gmail.com
Nicomedes,Baños,nicomedes.baños@gmail.com
Patricia,Durán,patricia.durán@outlook.com
Abraham,Amjahad,abraham.amjahad@gmail.com
Lino,El ghazy,lino.el.ghazy@gmail.com
Delia Maria,Traoré,delia.maria.traoré@outlook.com
Anibal,Miguelez,anibal.miguelez@gmail.com
Luisa Esther,Arribas,luisa.esther.arribas@outlook.com
Maria Etelvina,Rajaa,maria.etelvina.rajaa@outlook.com
MarÃ­a AsunciÃ³n,Salmi,marÃ­a.asunciÃ³n.salmi@gmail.com
Emilio,Enrech,emilio.enrech@outlook.com
Elsa Carmen,Cortes,elsa.carmen.cortes@outlook.com
Antonia,Tous,antonia.tous@gmail.com
Nestor Justianiano,Matalonga,nestor.justianiano.matalonga@gmail.com
Santos,Tabji,santos.tabji@gmail.com
Victoria,Prieto,victoria.prieto@gmail.com
Juana Lidia,Claramunt,juana.lidia.claramunt@outlook.com
Polita,El hiyani,polita.el.hiyani@gmail.com
Elba Rosa,Kabouri,elba.rosa.kabouri@gmail.com
Esther,Pérez,esther.pérez@outlook.com
Maria Catalina,Bravo,maria.catalina.bravo@gmail.com
Landa,Jaanin,landa.jaanin@outlook.com
Luisa Esther,Chetouania,luisa.esther.chetouania@gmail.com
Micaela,Pollmeier,micaela.pollmeier@outlook.com
Sara Concepcion,El bouraqui,sara.concepcion.el.bouraqui@outlook.com
Carlos Alberto,Androher,carlos.alberto.androher@outlook.com
Elisa Dora,Duque,elisa.dora.duque@outlook.com
Filomena,Bouassila,filomena.bouassila@outlook.com
Rosa Esther,Javed,rosa.esther.javed@outlook.com
Lidia Beatriz,El gharbi,lidia.beatriz.el.gharbi@outlook.com
Cruz Irineo,Traoré,cruz.irineo.traoré@gmail.com
Etelvina,Chacon,etelvina.chacon@outlook.com
Haydee Noemi,Márquez,haydee.noemi.márquez@outlook.com
Francisca Maria,Ortiz,francisca.maria.ortiz@outlook.com
Roberto JesÃºs,Romero,roberto.jesÃºs.romero@outlook.com
Irene,Espinoza,irene.espinoza@outlook.com
Primitiva,El karrichi,primitiva.el.karrichi@outlook.com
Nieves,Cortes,nieves.cortes@gmail.com
Benito,Adeel,benito.adeel@gmail.com
Hugo,Álvarez,hugo.Álvarez@gmail.com
Beatriz,Bozic,beatriz.bozic@gmail.com
Federico,Batalla,federico.batalla@gmail.com
Nieves Isabel,Salouji,nieves.isabel.salouji@outlook.com
Segundo,Castells,segundo.castells@gmail.com
Federico,El hind,federico.el.hind@outlook.com
Jose Florencio,Romero,jose.florencio.romero@gmail.com
MarÃ­a Lucia,Pino,marÃ­a.lucia.pino@outlook.com
Jorge,Rueda,jorge.rueda@outlook.com
Aldo,García,aldo.garcía@outlook.com
Roque,Jimenez,roque.jimenez@gmail.com
Lidia Ilda,Laaji,lidia.ilda.laaji@gmail.com
Maria Amelia,Ibn el oualyd,maria.amelia.ibn.el.oualyd@outlook.com
Maria Haydee,Moreno,maria.haydee.moreno@outlook.com
Epifanio,Denni,epifanio.denni@gmail.com
Victoriana,El boutia,victoriana.el.boutia@gmail.com
Simon,Ugal,simon.ugal@gmail.com
Jorge Enrique,Munt,jorge.enrique.munt@gmail.com
Efrain,Sikora,efrain.sikora@outlook.com
Nieves Isabel,Massegú,nieves.isabel.massegú@gmail.com
Eriberta,Ros,eriberta.ros@gmail.com
Elena Maria,Alabwaini,elena.maria.alabwaini@outlook.com
Luisa Alicia,Oliveres,luisa.alicia.oliveres@outlook.com
Isaura,Sanchez,isaura.sanchez@gmail.com
Olga,León,olga.león@outlook.com
Eugenia,El adel,eugenia.el.adel@outlook.com
Armando,Isariza,armando.isariza@gmail.com
Dora Raquel,Benítez,dora.raquel.benítez@outlook.com
Maria Carmen,Polonio,maria.carmen.polonio@outlook.com
Luis Maria,Cissé,luis.maria.cissé@gmail.com
Marta Gladys,Ye,marta.gladys.ye@gmail.com
Carmen Maria,Puerta,carmen.maria.puerta@outlook.com
Victorio,Correa,victorio.correa@gmail.com
Juan Vicente,Ye,juan.vicente.ye@outlook.com
Pedro JosÃ©,El morabitti,pedro.josÃ©.el.morabitti@outlook.com
Silvia,Durán,silvia.durán@outlook.com
Alberto Cayetano,Chkaifi,alberto.cayetano.chkaifi@gmail.com
Audelina Natividad,Ros,audelina.natividad.ros@outlook.com
Noemi Luciana Renee,Farrés,noemi.luciana.renee.farrés@outlook.com
Claudia,López,claudia.lópez@outlook.com
Pascualina,Mazar,pascualina.mazar@gmail.com
Ada,Bravo,ada.bravo@outlook.com
Jose Domingo,Ortiz,jose.domingo.ortiz@gmail.com
Maria Rosario,Claramunt,maria.rosario.claramunt@gmail.com
Ana Luisa,Macias,ana.luisa.macias@outlook.com
Carmela,Ait youssef,carmela.ait.youssef@outlook.com
Amalia Judith,Rodríguez,amalia.judith.rodríguez@outlook.com
Juana Maria,Parvu,juana.maria.parvu@gmail.com
Manuel,Masaquiza,manuel.masaquiza@outlook.com
Antonio,Maatoug,antonio.maatoug@outlook.com
Maria Teresa,Charef,maria.teresa.charef@outlook.com
MarÃ­a Lucia,Feraaoune,marÃ­a.lucia.feraaoune@outlook.com
Luisa,Boumedian,luisa.boumedian@outlook.com
Flora,Boza,flora.boza@outlook.com
Marcos,Labrada,marcos.labrada@outlook.com
Fidel,Ehoussou,fidel.ehoussou@outlook.com
Enriqueta,Perea,enriqueta.perea@gmail.com
Catalina Maria,Pagadizabal,catalina.maria.pagadizabal@outlook.com
Irene Esther,Salmerón,irene.esther.salmerón@outlook.com
Cleotilde,Fernández,cleotilde.fernández@outlook.com
Juan Luis,El asri,juan.luis.el.asri@outlook.com
Rosa Leonor,El addari,rosa.leonor.el.addari@gmail.com
Simona,Beerling,simona.beerling@outlook.com
Juana Argentina,Cruz,juana.argentina.cruz@gmail.com
Elsa Nelida,Quiroga,elsa.nelida.quiroga@gmail.com
Fidel,Prieto,fidel.prieto@gmail.com
Dionisia,Gavilanes,dionisia.gavilanes@gmail.com
Amelia Dorinda,Charef,amelia.dorinda.charef@gmail.com
Anastasia,López,anastasia.lópez@outlook.com
Bonifacio,Rivera,bonifacio.rivera@gmail.com
Jose Florencio,Limonero,jose.florencio.limonero@outlook.com
Carlos Ernesto,Ouadan,carlos.ernesto.ouadan@gmail.com
Angelica del Carmen,Romero,angelica.del.carmen.romero@outlook.com
Pilar,Acero,pilar.acero@gmail.com
Toribio,El machtirou,toribio.el.machtirou@gmail.com
Sebastian,Martin,sebastian.martin@outlook.com
Cesidio,Cordoba,cesidio.cordoba@outlook.com
Maria Ernestina,Mestre,maria.ernestina.mestre@gmail.com
Maria Antonia,Fargas,maria.antonia.fargas@gmail.com
Carlos Agustin,Codina,carlos.agustin.codina@gmail.com
Rosa Nelida,El hajjam,rosa.nelida.el.hajjam@gmail.com
Eduardo Pedro,Luca,eduardo.pedro.luca@outlook.com
Ruben,Akhdim,ruben.akhdim@gmail.com
Nelida Maria,Puertas,nelida.maria.puertas@gmail.com
Diego,El baitar,diego.el.baitar@gmail.com
Hector,Méndez,hector.méndez@gmail.com
Isidora,Ruiz,isidora.ruiz@outlook.com
Rosa Esther,Lachhab,rosa.esther.lachhab@gmail.com
Nestor Justianiano,Vilalta,nestor.justianiano.vilalta@outlook.com
Santos Nedila,Castro,santos.nedila.castro@gmail.com
Mercedes,Vilalta,mercedes.vilalta@gmail.com
Eulogia,Boumajdoul,eulogia.boumajdoul@outlook.com
Simona,Segado,simona.segado@outlook.com
Elsa Francisca,Figueroa,elsa.francisca.figueroa@gmail.com
Hermenegilda,Guzzetti,hermenegilda.guzzetti@outlook.com
Maria Ernestina,Oraa,maria.ernestina.oraa@outlook.com
Maria Pascua,Vidal,maria.pascua.vidal@outlook.com
Dolores,Jimenez,dolores.jimenez@outlook.com
Lucio Ramon,Pujol,lucio.ramon.pujol@gmail.com
Teresa Luisa,Pinzetta,teresa.luisa.pinzetta@outlook.com
Hermenegilda,Ramos,hermenegilda.ramos@outlook.com
Primitivo,Prunés,primitivo.prunés@gmail.com
Maria Clara,Dounani,maria.clara.dounani@gmail.com
Juan Bautista,Marqués,juan.bautista.marqués@gmail.com
Blanca Estela,Marulanda,blanca.estela.marulanda@gmail.com
Alfredo,Munt,alfredo.munt@outlook.com
Nieves Isabel,Rivera,nieves.isabel.rivera@gmail.com
Ricarda,Aparicio,ricarda.aparicio@gmail.com
Esteban,Beerling,esteban.beerling@outlook.com
Eusebia,Infantes,eusebia.infantes@outlook.com
Zulema,Buret,zulema.buret@gmail.com
Pierina,Ghazi,pierina.ghazi@outlook.com
Elsa Francisca,Pla,elsa.francisca.pla@outlook.com
Maria Angelica,El akhal,maria.angelica.el.akhal@gmail.com
Blanca Lidia,Lazar bakkali,blanca.lidia.lazar.bakkali@outlook.com
Luciano,Finali,luciano.finali@outlook.com
Juan JosÃ©,Tubio,juan.josÃ©.tubio@outlook.com
Jorge Antonio,Garcia,jorge.antonio.garcia@gmail.com
Enrique Ramon,Quesada,enrique.ramon.quesada@gmail.com
Elena Esther,Benito,elena.esther.benito@gmail.com
Maria Concepcion,Santamaria,maria.concepcion.santamaria@outlook.com
Rosa Delia,Lin,rosa.delia.lin@outlook.com
Felisa Evidencia,Ureña,felisa.evidencia.ureña@outlook.com
Perla,Alba,perla.alba@gmail.com
Polita,Lara,polita.lara@gmail.com
Blanca Lilia,Chibri,blanca.lilia.chibri@gmail.com
Rosa,Haji,rosa.haji@gmail.com
Felisa Victoria,Gouian,felisa.victoria.gouian@gmail.com
Margarita,Buret,margarita.buret@gmail.com
Renata,Soler,renata.soler@gmail.com
Maria Magdalena,Gibert,maria.magdalena.gibert@outlook.com
Paula,Osayande,paula.osayande@gmail.com
